Title,Genre,Rating,Votes,Duration
The Wild Robot,Animation,8.2,171000,1h 42m
Mufasa: The Lion King,Animation,6.6,68000,1h 58m
Paddington in Peru,Animation,6.7,24000,1h 46m
Moana 2,Animation,6.6,106000,1h 40m
Flow,Animation,7.9,80000,1h 25m
Transformers One,Animation,7.6,52000,1h 44m
Inside Out 2,Animation,7.5,219000,1h 36m
IF,Animation,6.4,59000,1h 44m
The Day the Earth Blew Up: A Looney Tunes Movie,Animation,7.0,4900,1h 31m
Despicable Me 4,Animation,6.2,67000,1h 34m
The Lord of the Rings: The War of the Rohirrim,Animation,6.3,32000,2h 14m
Kung Fu Panda 4,Animation,6.3,69000,1h 34m
Wallace & Gromit: Vengeance Most Fowl,Animation,7.5,35000,1h 22m
Memoir of a Snail,Animation,7.8,18000,1h 35m
The Garfield Movie,Animation,5.7,24000,1h 41m
Attack on Titan the Movie: The Last Attack,Animation,9.2,17000,2h 25m
Harold and the Purple Crayon,Animation,5.7,8600,1h 30m
Solo Leveling: ReAwakening,Animation,8.8,13000,2h 1m
Spermageddon,Animation,5.7,936,1h 20m
Spellbound,Animation,5.5,7700,1h 49m
Orion and the Dark,Animation,6.3,17000,1h 33m
Look Back,Animation,7.8,15000,58m
The Most Precious of Cargoes,Animation,7.1,1300,1h 21m
Piece by Piece,Animation,6.9,5700,1h 33m
Night of the Zoopocalypse,Animation,6.0,824,1h 31m
Watchmen: Chapter I,Animation,7.1,6800,1h 23m
Crayon Shin-chan: Ora's Dinosaur Diary,Animation,6.6,538,1h 46m
Doraemon the Movie: Nobita's Earth Symphony,Animation,6.6,1500,1h 55m
The Remarkable Life of Ibelin,Animation,8.2,13000,1h 43m
My Hero Academia: You're Next,Animation,7.0,2500,1h 50m
Justice League: Crisis on Infinite Earths - Part Three,Animation,6.1,4700,1h 34m
That Christmas,Animation,6.8,17000,1h 31m
Hitpig,Animation,5.1,1000,1h 26m
Watchmen: Chapter II,Animation,7.0,3300,1h 30m
Thelma the Unicorn,Animation,5.7,3000,1h 33m
Dan Da Dan: First Encounter,Animation,8.2,2800,1h 23m
Justice League: Crisis on Infinite Earths - Part One,Animation,6.2,8600,1h 33m
Megamind vs. The Doom Syndicate,Animation,2.5,5600,1h 23m
Ultraman: Rising,Animation,6.9,6500,1h 57m
Grand Theft Hamlet,Animation,6.9,2100,1h 29m
Justice League: Crisis on Infinite Earths - Part Two,Animation,5.5,5500,1h 34m
Haikyu!! The Dumpster Battle,Animation,7.7,6400,1h 25m
Overlord: The Sacred Kingdom,Animation,6.9,1300,2h 15m
Limonov: The Ballad of Eddie,Animation,5.9,1000,2h 18m
Ghost Cat Anzu,Animation,6.5,831,1h 37m
Dragonkeeper,Animation,5.7,1700,1h 38m
The Glassworker,Animation,7.3,1800,1h 38m
Buffalo Kids,Animation,6.6,744,1h 33m
The Colors Within,Animation,7.1,1100,1h 41m
Dalia and the Red Book,Animation,5.9,131,1h 47m
Blue Lock: Episode Nagi,Animation,6.6,2600,1h 31m
Demon Slayer: Kimetsu No Yaiba - To the Hashira Training,Animation,7.2,8700,1h 44m
Boys Go to Jupiter,Animation,6.8,104,1h 30m
10 Lives,Animation,5.9,2000,1h 28m
Dongeng Sang Kancil,Animation,6.7,201,1h 39m
The Tiger's Apprentice,Animation,5.7,2200,1h 24m
Mars,Animation,8.3,22,1h 24m
From Ground Zero,Animation,7.9,557,1h 52m
Saving Bikini Bottom: The Sandy Cheeks Movie,Animation,3.7,3900,1h 22m
Noah's Ark,Animation,4.3,682,1h 36m
Baki Hanma VS Kengan Ashura,Animation,5.7,2000,1h 2m
Woody Woodpecker Goes to Camp,Animation,4.5,2600,1h 40m
Given 3: To the Sea,Animation,8.9,102,1h 20m
Panda Bear in Africa,Animation,5.5,360,1h 24m
Sabbath Queen,Animation,8.0,67,1h 45m
Super-Charlie,Animation,5.9,150,1h 20m
Rebellious,Animation,6.1,220,1h 34m
Johnny Puff: Secret Mission,Animation,4.8,457,1h 27m
A Sloth Story,Animation,5.6,222,1h 30m
Diplodocus,Animation,6.3,186,1h 30m
Savages,Animation,6.8,368,1h 27m
Gracie and Pedro: Pets to the Rescue,Animation,5.1,280,1h 27m
200% Wolf,Animation,5.9,1300,1h 38m
Frida,Animation,7.5,1500,1h 27m
The Night Before Christmas in Wonderland,Animation,6.3,524,1h 20m
Ryan's World the Movie: Titan Universe Adventure,Animation,1.8,706,1h 20m
Terra Incognita 1901,Animation,5.5,55,1h 18m
Mononoke the Movie: The Phantom in the Rain,Animation,6.8,1300,1h 29m
No Time to Spy: A Loud House Movie,Animation,6.4,477,1h 21m
Detective Conan: The Million-Dollar Pentagram,Animation,6.7,1500,1h 51m
The Casagrandes Movie,Animation,5.6,682,1h 29m
Lesbian Space Princess,Animation,7.2,154,1h 27m
My Oni Girl,Animation,6.0,1800,1h 52m
Re: Zero - Starting Life in Another World- Season 3 Episode 1 90-minute Special 'Theatrical Malice',Animation,8.7,1200,1h 30m
Angelo dans la forêt mystérieuse,Animation,6.0,129,1h 21m
White Snake: Afloat,Animation,6.9,503,2h 13m
Dragon Ball Z Kai,Animation,8.5,77,1h 22m
Mobile Suit Gundam SEED Freedom,Animation,6.6,971,2h 4m
My Freaky Family,Animation,6.3,417,1h 26m
Appu,Animation,8.5,186,1h 32m
Monkey King: The Beginning,Animation,9.6,5,N/A
I Am What I Am 2,Animation,7.5,210,2h 14m
Elli and the Ghostly Ghost Train,Animation,5.1,105,1h 26m
Living Large,Animation,7.0,145,1h 20m
Mariposas Negras,Animation,7.2,65,1h 23m
The Quintessential Quintuplets Specials 2,Animation,6.9,146,46m
Rafadan Tayfa: Kapadokya,Animation,6.6,127,1h 24m
My Redneck Neighbor: Chapter 2 - Let the Games Begin,Animation,6.6,9,55m
Big City Greens the Movie: Spacecation,Animation,6.2,559,1h 23m
Bloody Escape: Bats out of Hell,Animation,5.4,56,1h 40m
Storm Crashers,Animation,6.2,569,1h 28m
Niko: Beyond the Northern Lights,Animation,6.2,346,1h 26m
Little Emma,Animation,5.8,125,1h 46m
Kid Santa,Animation,N/A,125,N/A
Where the Robots Grow,Animation,2.8,522,N/A
Kizumonogatari: Koyomi Vamp,Animation,7.1,101,2h 24m
The Proud Princess,Animation,6.5,131,1h 24m
Nintama Rantaro Dokutake Ninja-tai Saikyou no Gunshi,Animation,7.2,25,1h 30m
Heartsping : Teenieping of Love,Animation,7.1,26,TV-Y
The Big Trip 3: Race Around the World,Animation,5.6,65,1h 25m
Shrek 5: The Contract - A Fan Made Film,Animation,7.0,20,1h 24m
STEVE (A Minecraft Movie),Animation,6.9,12,1h 1m
Peppa's Cinema Party,Animation,4.9,155,1h 5m
Double Tuckerr,Animation,4.9,1200,2h
The Lost Tiger,Animation,7.8,47,1h 30m
(S)KiDS,Animation,8.6,112,1h 25m
Isla Monstro,Animation,7.8,9,N/A
Bocchi the Rock! Re: Re:,Animation,7.4,129,1h 17m
Ivan Tsarevich i Seryy Volk 6,Animation,5.7,93,N/A
SuperKlaus,Animation,4.3,204,1h 28m
Sanatorium Under the Sign of the Hourglass,Animation,5.4,127,1h 15m
Movie Given Hiiragi Mix.,Animation,7.6,208,1h 10m
Die Heinzels: Neue Mützen Neue Mission,Animation,6.4,98,1h 16m
Mochi-chon,Animation,8.2,10,N/A
Out of the Nest,Animation,6.4,118,1h 24m
Rock Bottom,Animation,6.4,51,1h 26m
Fox & Hare Save the Forest,Animation,5.9,210,1h 11m
Zak & Wowo: The Legend of Lendarys,Animation,5.7,103,1h 25m
Inanimate Insanity II: The Movie,Animation,8.4,236,1h 46m
Luntik. Vozvrashchenie domoy,Animation,6.3,79,TV-Y
Fureru,Animation,6.3,37,1h 47m
Bocchi the Rock! Recap Part 1,Animation,7.5,192,1h 30m
Kvitebjørn,Animation,5.9,73,1h 25m
Schirkoa: In Lies We Trust,Animation,5.6,162,1h 43m
Cille 2069,Animation,7.1,95,N/A
Trapezium,Animation,6.3,160,1h 35m
Taisu Xilie,Animation,N/A,160,1h 40m
Hola Frida,Animation,7.2,34,1h 22m
Uma Musume: Pretty Derby - Beginning of a New Era,Animation,7.4,138,1h 48m
Exorcism Chronicles: The Beginning,Animation,6.4,120,1h 25m
The Formula for Water,Animation,4.5,36,1h 26m
Transformers Prime: Galavatron's Revenge,Animation,3.8,13,1h 44m
Maya donne-moi un titre,Animation,6.4,60,1h 1m
Norbert,Animation,6.4,14,1h 15m
The Storm,Animation,6.0,143,1h 42m
PAPmusic - Animation for Fashion,Animation,1.0,162,1h 25m
Astra,Animation,6.8,8,1h 20m
Woolina and the No Birds,Animation,8.1,50,1h 20m
Si Juki the Movie: Harta Pulau Monyet,Animation,6.0,127,1h 47m
Dead Dead Demon's Dededede Destruction,Animation,7.0,146,2h
Benjamin Bat,Animation,7.8,33,1h 15m
Quo Vadis,Animation,6.4,513,1h 30m
Slocum et moi,Animation,7.3,76,1h 15m
Into the Mortal World,Animation,6.8,162,1h 58m
Masha i Medved v kino: Park chudes,Animation,7.6,19,58m
Inazuma Eleven Movie: The Legendary Kickoff,Animation,8.3,6,N/A
Boonie Bears: Time Twist,Animation,6.0,173,1h 45m
A Few Moments of Cheers,Animation,7.1,45,1h 8m
Tay 2: Ebabil Takimi,Animation,5.2,44,1h 18m
TWST: Things We Said Today,Animation,7.0,59,1h 26m
Yumi's Cells: The Movie,Animation,6.2,53,1h 33m
The Summer of Mermaid,Animation,8.2,107,N/A
Silex and the City le film,Animation,5.0,52,1h 17m
Le parfum d'Irak,Animation,8.0,45,1h 35m
Tri kota. Zimnie kanikuly,Animation,6.6,34,1h 5m
Jon Vardar protiv Galaksijata,Animation,8.2,76,1h 26m
Fuuto PI: Portrait of Kamen Rider Skull,Animation,7.4,47,1h 22m
Peppa Pig: Peppa's Adventures Around the World,Animation,8.0,7,N/A
Nefertiti Regina Inimilor,Animation,N/A,7,1h 29m
Il segreto di Liberato,Animation,7.3,226,1h 30m
Mustafa,Animation,6.9,76,1h 15m
Captain Avispa,Animation,5.7,179,1h 36m
Transformers: 40th Anniversary Event,Animation,7.4,30,1h 36m
Tri bogatyrya. Ni dnya bez podviga,Animation,5.7,71,1h 1m
DreadClub: Vampire's Verdict,Animation,4.9,62,N/A
Code Geass: Rozé of the Recapture - Part 1,Animation,7.6,42,1h 14m
Robotia the Movie,Animation,7.6,30,1h 26m
Steal the Naughty List,Animation,6.3,125,1h 30m
The Worlds Divide,Animation,7.9,40,2h
Meitantei Conan Bâsasu Kaitô Kiddo,Animation,6.1,168,1h 21m
Love Live! Nijigasaki High School Idol Club Final Chapter Part 1,Animation,7.4,15,59m
The Umbrella Fairy,Animation,5.7,60,1h 35m
Dikkie Dik 2: Een Nieuwe Vriend voor Dikkie Dik,Animation,7.4,74,1h 10m
Dikkie Dik en de Verdwenen Knuffel,Animation,7.3,131,1h 2m
Pleasant Goat and Big Big Wolf: The World Guardians,Animation,7.3,16,1h 36m
Spider-Man: Blue,Animation,5.8,12,N/A
Kral Sakir: Devler Uyandi,Animation,5.3,69,N/A
Rocky and Bullwinkle,Animation,9.1,14,1h 40m
Maxxie LaWow: Drag Super-shero,Animation,8.8,61,1h 54m
Ganbatte Ikimasshoi,Animation,5.0,12,1h 35m
Teacher's Pet,Animation,5.4,36,N/A
Uma & Haggen: Mitos,Animation,7.5,50,1h 34m
The Greatest Surf Movie in the Universe,Animation,4.7,9,1h 21m
Lilla spöket Laban spökar igen,Animation,6.1,29,44m
Wonderful Precure! The Movie! Doki Doki Game no Sekai de Daiboken,Animation,7.0,36,1h 11m
Dance with the Finless Promise,Animation,6.6,19,N/A
Becho,Animation,7.2,10,N/A
Dead Dead Demon's Dededede Destruction Zenpen,Animation,7.1,141,2h
Rocket Club: Across the Cosmos,Animation,8.4,19,1h 8m
Pui Pui Molcar the Movie: Molmax,Animation,7.0,9,1h 9m
Motu Patlu & The Race to the Diamond Valley,Animation,7.8,27,1h 12m
Motu Patlu & The Rise of Zombies,Animation,6.6,15,1h 14m
Nature Cat's Nature Movie Special Extraordinaire,Animation,7.3,19,53m
Ugly Sweater,Animation,7.1,13,1h 20m
Pikmin Forever,Animation,N/A,13,N/A
Bartali's Bicycle,Animation,7.7,7,1h 20m
Day of the Diesels,Animation,7.7,10,1h 40m
Tobias and the Arcane Merchant,Animation,9.0,45,2h 47m
God with Three Eyes,Animation,6.1,16,1h 52m
Apocalypse Love,Animation,6.4,5,N/A
Animal Tales of Christmas Magic,Animation,6.8,52,1h 12m
Kuramerukagari,Animation,5.8,83,1h 1m
Life with Quincy 3,Animation,N/A,83,1h 13m
The Car Acrobatic Team Saga,Animation,7.2,11,1h 52m
Max Beyond,Animation,6.6,18,1h 33m
Mobile Suit Gundam: Silver Phantom,Animation,6.1,13,1h 30m
Nothing Unusual,Animation,8.8,13,1h 32m
Hello My Beautiful Creatures,Animation,6.8,173,2h 22m
Inazuma Eleven the Movie: Prologue to the New Heroes,Animation,N/A,173,N/A
Ya Boy Kongming! Road to Summer Sonia,Animation,7.4,40,1h 59m
Olivia & the Clouds,Animation,7.2,55,1h 21m
Abá e Sua Banda,Animation,7.0,13,1h 24m
Love and Friendship,Animation,N/A,13,57m
Dinonauts,Animation,N/A,13,1h 17m
Kittened,Animation,N/A,13,N/A
Marvel's Civil War Full Comic Dub Movie,Animation,N/A,13,1h 15m
The Ballad of Straw Hat Sam,Animation,9.1,10,45m
Bob a Bobek ve filmu: Na stope Mrkvojeda,Animation,7.3,31,1h 20m
Arne Alligator och djungelkompisarna,Animation,4.6,48,1h 1m
COPS VS WHORES,Animation,N/A,48,57m
Riki Rhino: The Bird Kingdom,Animation,5.1,25,1h 49m
Bizarros Peixes das Fossas Abissais,Animation,8.0,14,1h 15m
Cacophony the Animated Movie,Animation,N/A,14,1h 21m
Askepote,Animation,3.5,83,1h 12m
Animal Adventures: Save the Forest,Animation,7.7,34,1h 25m
Jin Ling Yu Mao,Animation,N/A,34,1h 37m
Luv You Shankar,Animation,5.8,44,2h
Penelope & Everly's Holiday Adventure,Animation,N/A,44,TV-PG
The Fifth Element,Animation,N/A,44,N/A
Dinosaur Empire,Animation,N/A,44,N/A
Piril: Sayilarin Gizemi,Animation,9.0,67,N/A
Magic Birds: I magiki pagida,Animation,N/A,67,1h 40m
Adventures of Mickey Sherlock Mouse & Winnie the Pooh,Animation,4.9,11,N/A
Our Crazy Love,Animation,N/A,11,1h 26m
Return,Animation,N/A,11,1h 30m
Sufunkan no Yell o,Animation,7.0,6,N/A
Gujeyeog-eseo sal-a dol-aon dwaeji,Animation,4.8,11,1h 45m
Bogyó és Babóca 6. - Csengettyuk,Animation,7.8,13,N/A
Code Geass: Rozé of the Recapture: Part 2,Animation,7.8,28,1h 16m
Nefertiti the Queen of Hearts,Animation,N/A,28,1h 29m
Be Forever Yamato: Rebel 3199: Part 1: Dark Invasion,Animation,7.0,9,50m
Bread Barbershop: Celeb in Bakery Town,Animation,N/A,9,1h 17m
Zegapain STA,Animation,N/A,9,1h 30m
The Cheshire Cat,Animation,N/A,9,1h 4m
The Delegator,Animation,4.1,17,1h 36m
Gill,Animation,N/A,17,1h 44m
Code Geass: Rozé of the Recapture: Part 3,Animation,7.4,25,1h 16m
Balentes,Animation,N/A,25,1h 10m
Iris the Movie: Full Energy!!,Animation,7.3,8,1h
La Familia del Barrio: La Película,Animation,4.5,7,N/A
Ninja Doomscrolling,Animation,8.1,102,1h 36m
Alex and Mia's Awesome Movie!!,Animation,N/A,102,1h 15m
Zuzubalândia: O Filme,Animation,5.4,11,1h
Hey Tete,Animation,6.4,9,2h 31m
Shed 17 & Project G-1 the Movie,Animation,N/A,9,1h 25m
Sunburnt Unicorn,Animation,7.7,13,1h 21m
Memory Hotel,Animation,N/A,13,1h 40m
Tied Up,Animation,N/A,13,N/A
Happy Little Submarine: 80 Days Around the Earth,Animation,N/A,13,1h 20m
Le mystère de Waza,Animation,N/A,13,N/A
Black Butterflies,Animation,N/A,13,N/A
The Barkers Pursuit of Adventure,Animation,N/A,13,N/A
Dante's Divine Comedy,Animation,N/A,13,N/A
Rhythm of a Flower,Animation,7.3,15,1h 21m
Nie Xiaoqian,Animation,6.2,18,1h 52m
Sirds likums,Animation,6.8,17,1h 5m
Rudra & Return of King Makoonga,Animation,N/A,17,45m
Robo Puffin,Animation,N/A,17,Not Rated
Sinoalice: The Very Last Story,Animation,N/A,17,1h 14m
Little Richard the Shark,Animation,N/A,17,N/A
Tobia e i colori del mondo,Animation,4.2,6,N/A
Gintama on Theater 2D: Kintama-hen,Animation,N/A,6,1h 37m
Golmaal Jr: Humshakals Ka Golmaal,Animation,N/A,6,46m
Terrors,Animation,N/A,6,1h 5m
Naani Krissh's Jai Shree Ram,Animation,N/A,6,N/A
Fairytale Fun Force Storytime: Happy Jack,Animation,N/A,6,2h 39m
Satan Kingdom Babylon,Animation,N/A,6,1h 17m
Treasure Fellowship,Animation,N/A,6,1h 26m
Rabbits Kingdom the Movie,Animation,N/A,6,1h 34m
Unhappy 25 Years Little Brat,Animation,N/A,6,13+
Nasreddin Hoca: Zaman Yolcusu - Kadim Medeniyetler,Animation,7.7,12,1h 18m
The Puffins & the Magic Portal,Animation,7.7,32,N/A
Bigfoot in Wonderland,Animation,N/A,32,1h 1m
Crazy Train,Animation,N/A,32,1h 35m
Mult v kino. Vypusk # 165: Multikov vsegda malo,Animation,N/A,32,49m
Turbozavry. God drakona,Animation,9.2,43,48m
The Halloween Shark,Animation,N/A,43,1h 9m
Code Geass: Rozé of the Recapture: Part 4,Animation,6.6,15,1h 10m
The Guardians: The Chosen Ones,Animation,N/A,15,N/A
Be Forever Yamato: Rebel 3199: Part 2: The Assault of the Burning Sun,Animation,N/A,15,1h 37m
Papercuts - My Life as an Indie Animator,Animation,N/A,15,1h 27m
Gintama the Movie 2D: Courtesan of the Nation Arc,Animation,8.0,8,1h 49m
Daughters of Monster Magnet,Animation,N/A,8,46m
2054: The Wreckoning,Animation,N/A,8,1h
VS Volume 4,Animation,N/A,8,N/A
Kaptan Pengu ve Arkadaslari 4: Buzuldaki Sir,Animation,5.3,13,N/A
Abenzaidún y Wallada amor eterno,Animation,N/A,13,1h 7m
Psycho City: The Movie,Animation,N/A,13,1h 57m
The Grump's Christmas,Animation,N/A,13,1h 5m
Ba Jie,Animation,N/A,13,N/A
Fat Chance! the Movie,Animation,7.6,6,N/A
The Burgger and Frogger Movie,Animation,N/A,6,N/A
LUDA,Animation,7.2,6,1h 26m
Skazochnyy patrul. Shou prodolzhayetsya,Animation,7.2,11,1h 5m
Imam Hussein the Majestic Sacrifice,Animation,N/A,11,N/A
Isle: Alpha One,Animation,8.4,7,1h 37m
Mult v kino. Vypusk # 170: Vsyo luchshee - druzyam,Animation,N/A,7,52m
Psycho World Tournament,Animation,N/A,7,N/A
2475 Dawn of Revolution,Animation,6.3,153,2h 7m
Kek 2,Animation,N/A,153,1h 38m
The Super Paper Mario Movie,Animation,N/A,153,1h 41m
The Monkey King Conquers Monsters,Animation,N/A,153,1h 30m
Worship,Animation,N/A,153,1h 15m
Strawberry School Festival!!!,Animation,N/A,153,1h 23m
Minderler Adasi: Kilicin Sahibi,Animation,N/A,153,N/A
Mult v kino. Vypusk # 168: Idyom na piknik!,Animation,N/A,153,51m
Boundearth,Animation,N/A,153,1h 48m
Plastic,Animation,N/A,153,1h 2m
Frost: End of the Ashics,Animation,N/A,153,57m
Let Them Breathe: City on the Ocean,Animation,N/A,153,1h 52m
The Veyshal Movie,Animation,N/A,153,2h
Symphony of the Eyes,Animation,N/A,153,43m
Genjitsu no Yohane -Sunshine in the Mirror- Movie,Animation,N/A,153,1h 29m
Young doctor's notes,Animation,3.5,7,1h 26m
The Witch Doll of Aliester Croweley,Animation,N/A,7,16m
Dreamscape Vibes: Halloween Dance Party,Animation,N/A,7,1h 1m
Velký Pán,Animation,7.0,9,1h 13m
Slides for the Lecture-Performance,Animation,N/A,9,55m
Ekip: Siberay - Günes Firtinasi,Animation,6.0,14,1h 12m
World of Sathvik and his friends : The Cursed Pumpkin,Animation,N/A,14,48m
Happylittle Submarine: The Adventure with Dragon,Animation,N/A,14,N/A
Minsky the little helper robot,Animation,N/A,14,6m
Apperception,Animation,N/A,14,1h 2m
Collection Ansorge,Animation,N/A,14,1h 30m
Eiga Shimajiro Miracle-jima no Nanairo Carnation,Animation,N/A,14,1h 10m
Broken Glass,Animation,N/A,14,Not Rated
People Power,Animation,N/A,14,1h 24m
Métasexe,Animation,N/A,14,42m
Harmonie,Animation,N/A,14,1h 14m
Bie ba zuo wen dang hui shi er,Animation,7.2,12,1h 29m
Fleischer Cartoons: The Art & Inventions of Max Fleischer,Animation,N/A,12,1h 2m
Diego of the Dead 2,Animation,N/A,12,1h
Skazochnyy patrul,Animation,N/A,12,1h 15m
Mult v kino. Vypusk # 173: Sekrety druzhby!,Animation,N/A,12,48m
Nancy & Bill: The Story Before Oliver Twist,Animation,N/A,12,N/A
Let's Go! Anpanman: Baikinman and Lulun,Animation,6.5,7,1h 4m
Broken oath Chapter #2 Blood Bath on City Island,Animation,N/A,7,1h 30m
Alla conquista del mondo,Animation,7.2,26,N/A
Ah My Goddess: Bad Goddess One Wish,Animation,N/A,26,53m
Eiga Oshiri Tantei Saraba Itoshiki Aibô (Oshiri) yo,Animation,N/A,26,1h 11m
The Photographer,Animation,N/A,26,N/A
Ali's Dream Castle,Animation,N/A,26,N/A
There's Something About Knuckles Saga,Animation,N/A,26,46m
Mission to Pisom,Animation,N/A,26,N/A
Thanksgiving in Wonderland,Animation,N/A,26,1h 5m
The Littlest Angel 2: Lily Has a Secret,Animation,N/A,26,1h 24m
Gg Bond: Interstellar Action,Animation,N/A,26,N/A
Ilia Jostojooye Ghahreman,Animation,N/A,26,N/A
Mei Ren Yu De Xia Tian,Animation,N/A,26,N/A
NJPW SMP: The Movie,Animation,N/A,26,50m
Elif ve Arkadaslari 2: Perisler,Animation,N/A,26,N/A
Ramayan the Hero's Path,Animation,N/A,26,N/A
Cordélicos,Animation,N/A,26,1h 8m
King of Prism: Dramatic Prism 1,Animation,N/A,26,1h
Huang Pi: God of Money,Animation,N/A,26,1h 22m
The Puffins: Arctic Games,Animation,N/A,26,N/A
Ba Jie Zhi Tian Peng Xia Jie,Animation,N/A,26,N/A
Toto's Christmas in Oz,Animation,N/A,26,1h 5m
Baby Halloween,Animation,N/A,26,1h 6m
Mel John,Animation,N/A,26,1h 55m
The Elf Who Saved Christmas,Animation,N/A,26,1h 2m
Gift,Animation,N/A,26,N/A
Um Tempo de Todos,Animation,N/A,26,2h 12m
Me,Animation,N/A,26,1h
Bear Kid: Super Hero,Animation,N/A,26,1h 20m
Mult v kino. Vypusk # 174. Dobrye dela!,Animation,N/A,26,48m
Mult v kino. Vypusk # 167: Fokus-pokus,Animation,N/A,26,51m
Skullmaster: The Warrior of Havoc,Animation,N/A,26,N/A
The Wizard and the Scholar (or a Rapscallion Runs Amok in Rye),Animation,N/A,26,1h 3m
Bonehead: A Fortnite Legend,Animation,N/A,26,1h 46m
Calico Rebellion,Animation,N/A,26,1h 10m
Tax on Cigarettes,Animation,N/A,26,N/A
Poder Del Pueblo,Animation,N/A,26,1h 24m
Mult v kino. Vypusk # 175,Animation,N/A,26,48m
Baby Pillows,Animation,N/A,26,Not Rated
Abandoned,Animation,N/A,26,54m
Milk Teeth - Essere bambine in Afghanistan,Animation,N/A,26,N/A
Sunny,Animation,N/A,26,N/A
Untitled Ambition: The Journey to Valtoria,Animation,N/A,26,N/A
Kustomonsters 3,Animation,N/A,26,54m
Five Nights at TK's: The Curse of TK,Animation,N/A,26,1h
Healing for the Nations,Animation,N/A,26,3m
The Christmas Shark,Animation,N/A,26,1h 3m
The Redemption of Zack & Heather (Remastered),Animation,N/A,26,13+
Mutation X,Animation,N/A,26,51m
The Things I Have Seen,Animation,N/A,26,1h 30m
Era un soñador,Animation,N/A,26,1h 5m
Cekárna,Animation,N/A,26,3m
Outcome,Animation,N/A,26,51m
Criaturas Sorridentes,Animation,N/A,26,N/A
Blossomele,Animation,N/A,26,53m
Snow White's Storytime: The Wishing-Stone Stories,Animation,N/A,26,4h 56m
Despierta tu alma,Animation,N/A,26,Not Rated
Hubworld,Animation,N/A,26,3h 47m
Fishtales: The Christmas Whale,Animation,N/A,26,1h 5m
1963,Animation,N/A,26,57m
My Time to Make It Happen: As Told by Tiana Melvina,Animation,N/A,26,42m
Pikmin Destruction,Animation,N/A,26,1h 35m
